,precision,recall,f1-score,accuracy
mean,0.9736287689245483,0.9669362962962962,0.9702501572173787,0.9703466327602323
std,0.005058730244227912,0.004722195206894405,0.0012367479819216695,0.0012587719849095063
