,precision,recall,f1-score,accuracy
mean,0.9569392587549977,0.9506428811160704,0.9537533919174978,0.9539160038619071
std,0.004685030480496461,0.0063768076966343986,0.0015863021708152857,0.0014453866978737903
