,precision,recall,f1-score,accuracy
mean,0.977267,0.9751709999999999,0.9762000000000001,0.9762583308654234
std,0.003035347499783916,0.003263973209312719,0.0004807401700618585,0.00045741704942011584
