,precision,recall,f1-score,accuracy
mean,0.8343994200000001,0.89159112,0.86204109,0.8573154000000001
std,0.002419243980989828,0.0030168012672733596,0.001004006490074219,0.0006876225353426861
